path,result,confidence,contrast,sharpness,has_exif,error
dataset/ai\1763490996009.jpg,AI Generated 🤖,1.0,51.72060323767365,20.924962997436523,False,
dataset/ai\1763490998463.jpg,AI Generated 🤖,1.0,49.153480054651695,9.895791053771973,False,
dataset/ai\1763491000601.jpg,AI Generated 🤖,1.0,47.880431085248986,20.563271522521973,False,
dataset/ai\1763491003135.jpg,AI Generated 🤖,1.0,54.17612683670141,22.77101421356201,False,
dataset/ai\1764095048275.jpg,AI Generated 🤖,1.0,53.90559187649853,7.205426216125488,False,
dataset/ai\1764095135293.jpg,AI Generated 🤖,1.0,41.4305432546181,23.760086059570312,False,
dataset/ai\1764095463711.jpg,AI Generated 🤖,1.0,62.32755174252578,23.738632202148438,False,
dataset/ai\1764096062767.jpg,AI Generated 🤖,1.0,48.73954381890634,9.78861141204834,False,
dataset/ai\1764096068472.jpg,AI Generated 🤖,1.0,51.456619100085774,20.023428916931152,False,
dataset/ai\1764096073808.jpg,AI Generated 🤖,1.0,62.077991452214846,10.562854766845703,False,
dataset/ai\1764096084437.jpg,AI Generated 🤖,1.0,53.69893056159293,12.999530792236328,False,
dataset/ai\1764096089188.jpg,AI Generated 🤖,1.0,45.46946329359735,16.04236888885498,False,
dataset/ai\1764096093733.jpg,AI Generated 🤖,1.0,65.03819460643702,16.778013229370117,False,
dataset/ai\1764096098565.jpg,AI Generated 🤖,1.0,62.32755174252578,23.738632202148438,False,
dataset/ai\1764096103402.jpg,AI Generated 🤖,1.0,58.70898334354172,17.981785774230957,False,
dataset/ai\1764096108746.jpg,AI Generated 🤖,1.0,44.77103750197679,16.215219497680664,False,
dataset/ai\1764096114518.jpg,AI Generated 🤖,1.0,39.51966353302278,14.63244915008545,False,
dataset/ai\1764096120651.jpg,AI Generated 🤖,1.0,67.99662470589013,8.568389892578125,False,
dataset/ai\1764096125715.jpg,AI Generated 🤖,1.0,44.500822321528936,14.50279426574707,False,
dataset/ai\1764096129820.jpg,AI Generated 🤖,1.0,48.86357491148607,11.085233688354492,False,
dataset/ai\1764096134612.jpg,AI Generated 🤖,1.0,43.818331926738225,21.562068939208984,False,
dataset/ai\1764096139191.jpg,AI Generated 🤖,1.0,46.79405153279835,20.1604642868042,False,
dataset/ai\1764096147987.jpg,AI Generated 🤖,1.0,38.80503703545135,8.717301368713379,False,
dataset/ai\1764096164667.jpg,AI Generated 🤖,1.0,66.13044740572273,31.249152898788452,False,
dataset/ai\1764096169987.jpg,AI Generated 🤖,1.0,55.23848939845297,18.2814302444458,False,
dataset/ai\1764096175380.jpg,AI Generated 🤖,1.0,54.619989501443,16.5111722946167,False,
dataset/ai\1764096183581.jpg,AI Generated 🤖,1.0,67.33134952914216,10.962249755859375,False,
dataset/ai\1764096188841.jpg,AI Generated 🤖,1.0,47.665622015194586,14.530863761901855,False,
dataset/ai\b0c48637-27bc-4e88-9e7a-2746d77ecc5f.jpeg,AI Generated 🤖,1.0,84.5548939492707,45.35203369140625,False,
dataset/ai\IMG-20251125-WA0044.jpg,AI Generated 🤖,0.94,54.03151923897504,6.736162109375,True,
dataset/ai\IMG-20251125-WA0045.jpg,AI Generated 🤖,0.94,46.786089319606674,8.17982421875,True,
dataset/ai\OIG4.HRA.jpeg,AI Generated 🤖,1.0,55.23389412839171,14.391318321228027,False,
dataset/ai\other-apps-v2-1.webp,AI Generated 🤖,1.0,50.61857111369354,11.882625368731563,False,
dataset/ai\preview (1).webp,AI Generated 🤖,1.0,42.210665369374624,9.879324913024902,False,
dataset/ai\preview (10).webp,AI Generated 🤖,1.0,70.29432825812007,13.217169867621529,False,
dataset/ai\preview (11).webp,AI Generated 🤖,1.0,89.71057700792473,13.539793226453993,False,
dataset/ai\preview (12).webp,AI Generated 🤖,1.0,80.28096344593658,15.552607218424479,False,
dataset/ai\preview (13).webp,AI Generated 🤖,1.0,76.35754895164705,19.552746242947048,False,
dataset/ai\preview (14).webp,AI Generated 🤖,1.0,79.85173936289735,17.21573045518663,False,
dataset/ai\preview (15).webp,AI Generated 🤖,1.0,82.91373536998843,8.709901597764757,False,
dataset/ai\preview (16).webp,AI Generated 🤖,1.0,53.12840871385171,25.75415325164795,False,
dataset/ai\preview (17).webp,AI Generated 🤖,1.0,55.80224652614032,21.50594711303711,False,
dataset/ai\preview (18).webp,AI Generated 🤖,1.0,78.61397029539116,12.686826705932617,False,
dataset/ai\preview (19).webp,AI Generated 🤖,1.0,43.21788067377526,10.09456729888916,False,
dataset/ai\preview (2).webp,AI Generated 🤖,1.0,52.9082226958954,4.563261985778809,False,
dataset/ai\preview (20).webp,AI Generated 🤖,1.0,71.91241903629853,14.391316413879395,False,
dataset/ai\preview (21).webp,AI Generated 🤖,1.0,52.92119521078165,9.55321216583252,False,
dataset/ai\preview (22).webp,AI Generated 🤖,1.0,33.34602768859094,7.159223556518555,False,
dataset/ai\preview (23).webp,AI Generated 🤖,1.0,30.419040756278683,9.093385696411133,False,
dataset/ai\preview (24).webp,AI Generated 🤖,1.0,81.54431142019887,26.504533767700195,False,
dataset/ai\preview (25).webp,AI Generated 🤖,1.0,80.18397602004694,17.98555564880371,False,
dataset/ai\preview (26).webp,AI Generated 🤖,1.0,65.45436170752976,6.932276725769043,False,
dataset/ai\preview (27).webp,AI Generated 🤖,1.0,64.08293752150117,3.1030702590942383,False,
dataset/ai\preview (28).webp,AI Generated 🤖,1.0,76.51911345037037,5.186554908752441,False,
dataset/ai\preview (29).webp,AI Generated 🤖,1.0,70.60765031300792,5.257322311401367,False,
dataset/ai\preview (3).webp,AI Generated 🤖,1.0,51.70661298818643,14.060942649841309,False,
dataset/ai\preview (30).webp,AI Generated 🤖,1.0,41.94916926117504,8.059195200602213,False,
dataset/ai\preview (31).webp,AI Generated 🤖,1.0,44.29170748796512,8.8499755859375,False,
dataset/ai\preview (32).webp,AI Generated 🤖,1.0,60.339139072504246,41.33322048187256,False,
dataset/ai\preview (33).webp,AI Generated 🤖,1.0,50.784429140488655,41.28975772857666,False,
dataset/ai\preview (34).webp,AI Generated 🤖,1.0,81.19133504702545,16.194618225097656,False,
dataset/ai\preview (35).webp,AI Generated 🤖,1.0,64.9244165494982,47.29463768005371,False,
dataset/ai\preview (36).webp,AI Generated 🤖,1.0,67.68627385640272,17.435260772705078,False,
dataset/ai\preview (37).webp,AI Generated 🤖,1.0,66.17494607205188,13.8573637008667,False,
dataset/ai\preview (38).webp,AI Generated 🤖,1.0,69.1264718596244,15.64975643157959,False,
dataset/ai\preview (39).webp,AI Generated 🤖,1.0,66.69271424267153,9.46113109588623,False,
dataset/ai\preview (4).webp,AI Generated 🤖,1.0,23.82403537626797,7.775088310241699,False,
dataset/ai\preview (40).webp,AI Generated 🤖,1.0,58.60017208034575,11.303221702575684,False,
dataset/ai\preview (41).webp,AI Generated 🤖,1.0,62.93597640284477,11.880060195922852,False,
dataset/ai\preview (42).webp,AI Generated 🤖,1.0,43.96201449844336,3.819106101989746,False,
dataset/ai\preview (43).webp,AI Generated 🤖,1.0,66.21113648875047,5.986315727233887,False,
dataset/ai\preview (44).webp,AI Generated 🤖,1.0,58.204823133518815,9.050915718078613,False,
dataset/ai\preview (45).webp,AI Generated 🤖,1.0,68.25539541120968,5.813485145568848,False,
dataset/ai\preview (46).webp,AI Generated 🤖,1.0,64.96051465572451,14.731619834899902,False,
dataset/ai\preview (47).webp,AI Generated 🤖,1.0,64.7534101785112,11.400397300720215,False,
dataset/ai\preview (48).webp,AI Generated 🤖,1.0,66.49989150495595,7.228750228881836,False,
dataset/ai\preview (49).webp,AI Generated 🤖,1.0,66.40329338963085,6.869204521179199,False,
dataset/ai\preview (5).webp,AI Generated 🤖,1.0,68.23632470053158,7.782205581665039,False,
dataset/ai\preview (50).webp,AI Generated 🤖,1.0,51.5975021677668,9.851259231567383,False,
dataset/ai\preview (51).webp,AI Generated 🤖,1.0,47.56457160623238,6.895031929016113,False,
dataset/ai\preview (52).webp,AI Generated 🤖,1.0,49.19267846824594,7.747215270996094,False,
dataset/ai\preview (53).webp,AI Generated 🤖,1.0,60.23868971204422,9.047141075134277,False,
dataset/ai\preview (54).webp,AI Generated 🤖,1.0,25.766774847580066,5.074923515319824,False,
dataset/ai\preview (55).webp,AI Generated 🤖,1.0,47.208723088907256,8.049359321594238,False,
dataset/ai\preview (56).webp,AI Generated 🤖,1.0,36.04274204713593,9.256184577941895,False,
dataset/ai\preview (57).webp,AI Generated 🤖,1.0,30.627127100364856,6.4845685958862305,False,
dataset/ai\preview (58).webp,AI Generated 🤖,1.0,64.68805588043226,15.971731185913086,False,
dataset/ai\preview (59).webp,AI Generated 🤖,1.0,61.11346408478436,12.366698265075684,False,
dataset/ai\preview (6).webp,AI Generated 🤖,1.0,84.25937270837399,7.074419975280762,False,
dataset/ai\preview (60).webp,AI Generated 🤖,1.0,70.25713531663213,10.523808479309082,False,
dataset/ai\preview (61).webp,AI Generated 🤖,1.0,67.42493055809769,13.404200553894043,False,
dataset/ai\preview (62).webp,AI Generated 🤖,1.0,55.36146208766804,25.613932609558105,False,
dataset/ai\preview (63).webp,AI Generated 🤖,1.0,72.3730294636403,10.589457511901855,False,
dataset/ai\preview (64).webp,AI Generated 🤖,1.0,78.9875156349075,15.66104507446289,False,
dataset/ai\preview (65).webp,AI Generated 🤖,1.0,70.8214819835859,18.920822143554688,False,
dataset/ai\preview (7).webp,AI Generated 🤖,1.0,68.38121351007149,5.714512825012207,False,
dataset/ai\preview (8).webp,AI Generated 🤖,1.0,75.94512765512331,18.41982184516059,False,
dataset/ai\preview (9).webp,AI Generated 🤖,1.0,81.27139337771554,15.619632297092014,False,
dataset/ai\preview.webp,AI Generated 🤖,1.0,50.33726611463815,6.153190612792969,False,
dataset/ai\text-to-image.webp,AI Generated 🤖,1.0,49.66415542320234,12.612152099609375,False,
